Product,Rating,Rating Count,Price,Url
"Office Chair, Ergonomic Mesh Home Office Computer Chair with Lumbar Support/Adjustable Headrest/Armrest and Wheels/Mesh High Back/Swivel Rolling (Black)  ",4.3 out of 5 stars,"1,001  ",$83.99,http://amazon.com/Office-Chair-Ergonomic-Mesh-Adjustable/dp/B09C629LRY/ref=sr_1_2?keywords=home+office&qid=1660426771&sr=8-2
"Wood File Cabinet, 3 Drawer Mobile Lateral Filing Cabinet On Wheels, Printer Stand with Open Storage Shelves for Home Office(White)  ",4.0 out of 5 stars,204  ,$125.99,http://amazon.com/Cabinet-Lateral-Printer-Storage-Shelves/dp/B09GB6RSNJ/ref=sr_1_3?keywords=home+office&qid=1660426771&sr=8-3
"bonsaii Paper Shredder for Home Use,6-Sheet Crosscut Paper and Credit Card Shredder for Home Office,Home Shredder with Handle for Document,Mail,Staple,Clip-3.4 Gal Wastebasket(C237-B)  ",4.5 out of 5 stars,"23,400  ",$30.99,http://amazon.com/bonsaii-Paper-Shredder-6-Sheet-Crosscut-Paper-Design-Home-Shredder-Clip-3-4-Gal-Wastebasket-C237-B/dp/B0834J2SVR/ref=sr_1_4?keywords=home+office&qid=1660426771&sr=8-4
"HUANUO Lap Laptop Desk - Portable Lap Desk with Pillow Cushion, Fits up to 15.6 inch Laptop, with Anti-Slip Strip & Storage Function for Home Office Students Use as Computer Laptop Stand, Book Tablet  ",4.6 out of 5 stars,"9,138  ",$37.99,http://amazon.com/HUANUO-Lap-Laptop-Desk-Anti-Slip/dp/B07W7SZJ25/ref=sr_1_5?keywords=home+office&qid=1660426771&sr=8-5
"YSAGi Multifunctional Office Desk Pad, Ultra Thin Waterproof PU Leather Mouse Pad, Dual Use Desk Writing Mat for Office/Home (31.5"" x 15.7"", Pistachio Green + Green Blue)  ",4.7 out of 5 stars,"36,097  ",$13.99,http://amazon.com/YSAGi-Multifunctional-Waterproof-Leather-Pistachio/dp/B08BZD7CSQ/ref=sr_1_6?keywords=home+office&qid=1660426771&sr=8-6
"Desk Lamp with Wireless Charger - Eye-Caring Reading lamp with Adjustable Lighting Modes, Touch Control, Table Lamp with Flexible Gooseneck, Perfect Desk Lights for Home Office - Black  ",3.9 out of 5 stars,31  ,$26.99,http://amazon.com/Desk-Lamp-Wireless-Charger-Eye-Caring/dp/B09QGQ3Q5H/ref=sr_1_7?keywords=home+office&qid=1660426771&sr=8-7
Marbrasse 4-Trays Desktop File Organizer with Pen Holder | Paper Letter Tray with Drawer and 2 Pen Holder | Mesh Office Supplies Desk Organizer for Home Office (Black)  ,4.5 out of 5 stars,"2,417  ",$32.99,http://amazon.com/Marbrasse-4-Trays-Desktop-Organizer-Supplies/dp/B08FM9ZD2M/ref=sr_1_8?keywords=home+office&qid=1660426771&sr=8-8
"INCHOR Cord Organizer, Cable Clips Cord Holder, Cable Management USB Cable Power Wire Cord Clips, 2 Packs Cable Organizers for Car Home and Office (5, 3 Slots)  ",4.6 out of 5 stars,4.6 out of 5 stars ,$6.55,http://amazon.com/Adhesive-Organizer-Management-Holder-Organizers/dp/B087TH1R6T/ref=sr_1_9?keywords=home+office&qid=1660426771&sr=8-9
"Everlasting Comfort Office Foot Rest for Under Desk - Ergonomic Memory Foam Foot Stool Pillow for Work, Gaming, Computer, Office Cubicle and Home - Footrest Leg Cushion Accessories (Black)  ",4.6 out of 5 stars,"21,449  ",$29.95,http://amazon.com/Foot-Rest-Under-Desk-Footstool/dp/B07PGLBCFG/ref=sr_1_10?keywords=home+office&qid=1660426771&sr=8-10
ComfiLife Foot Rest for Under Desk at Work – Adjustable Memory Foam Foot Rest for Office Chair & Gaming Chair – Ergonomic Design for Back & Hip Pain Relief (Black)  ,4.6 out of 5 stars,"7,546  ",$44.95,http://amazon.com/ComfiLife-Premium-Foot-Rest-Under/dp/B08DHMMBFF/ref=sr_1_11?keywords=home+office&qid=1660426771&sr=8-11
"Surge Protector Power Strip, 8 Wide Outlets with 4 USB Charging Ports, 3 Side Outlet Extender with 5Ft Braided Extension Cord, Flat Plug, Wall Mount for Home Office Dorm Room Essentials, ETL Listed  ",4.8 out of 5 stars,"11,510  ",$19.99,http://amazon.com/Surge-Protector-Power-Strip-Extension/dp/B092J8LPWR/ref=sr_1_12?keywords=home+office&qid=1660426771&sr=8-12
"Desk Clamp Power Strip with 4 USB Ports, Desktop Edge Mount Outlets, Removable Desk Mount Multi-Outlets,Power Socket Connect 4 AC Outlet for Home Office Reading  ",4.7 out of 5 stars,668  ,$36.99,http://amazon.com/Desktop-Outlets-Removable-Multi-Outlets-Connect/dp/B08DD5R6TR/ref=sr_1_13?keywords=home+office&qid=1660426771&sr=8-13
"LUFEIYA L Shaped Desk White Corner Computer Desks for Small Space Home Office Student Study Bedroom Gaming PC Work,47 Inch Modern L-Shaped Writing Table  ",4.5 out of 5 stars,"1,059  ",$108.89,http://amazon.com/gp/slredirect/picassoRedirect.html/ref=pa_sp_mtf_aps_sr_pg1_1?ie=UTF8&adId=A06788072CUO4TREH5DPN&url=%2FLUFEIYA-Computer-Student-Bedroom-L-Shaped%2Fdp%2FB08R933CTJ%2Fref%3Dsr_1_14_sspa%3Fkeywords%3Dhome%2Boffice%26qid%3D1660426771%26sr%3D8-14-spons%26psc%3D1&qualifier=1660426771&id=6640468077783220&widgetName=sp_mtf
"Leather Desk Pad Protector,Mouse Pad,Office Desk Mat, Non-Slip PU Leather Desk Blotter,Laptop Desk Pad,Waterproof Desk Writing Pad for Office and Home (Black,31.5"" x 15.7"")  ",4.7 out of 5 stars,"52,569  ",$13.99,http://amazon.com/Leather-Protector-Non-Slip-Blotter-Waterproof/dp/B082F5ZLS5/ref=sr_1_16?keywords=home+office&qid=1660426771&sr=8-16
"Amazon Basics Cross Cut Paper Shredder and Credit Card Shredder with 4.1 Gallon Bin, 8 Sheet Capacity  ",4.6 out of 5 stars,"182,670  ",$40.48,http://amazon.com/AmazonBasics-8-Sheet-Cross-Cut-Credit-Shredder/dp/B00YFTHJ9C/ref=sr_1_17?keywords=home+office&qid=1660426771&sr=8-17
"Quadow Monitor Message Board/Computer Monitors Side Panel/Notes Memo Board Message for Monitors,1Set (Left & Right) (with Phone Holder)  ",4.1 out of 5 stars,"4,207  ",$8.63,http://amazon.com/Goblins-Treasures-Excelity-Computer-Monitors/dp/B07941H2DD/ref=sr_1_18?keywords=home+office&qid=1660426771&sr=8-18
"Nulaxy Laptop Stand, Ergonomic Aluminum Laptop Computer Stand, Detachable Laptop Riser Notebook Holder Stand Compatible with MacBook Air Pro, Dell XPS, HP, Lenovo More 10-15.6” Laptops  ",4.8 out of 5 stars,"29,402  ",$28.99,http://amazon.com/Nulaxy-Ergonomic-Aluminum-Detachable-Compatible/dp/B08CR2RP5V/ref=sr_1_19?keywords=home+office&qid=1660426771&sr=8-19
"Sticky Notes Set, Hommie Colored Divider Self-Stick Notes Pads Bundle, Prioritize with Color Coding, 60 Ruled (3.7x6), 40 Dotted (3.7x3), 40 Blank (3x3.7), 60 Per Rectangular, 25 Per PET Color  ",4.5 out of 5 stars,"8,111  ",$8.99,http://amazon.com/Hommie-Colored-Self-Stick-Prioritize-Rectangular/dp/B07JJ2JSH6/ref=sr_1_20?keywords=home+office&qid=1660426771&sr=8-20
"pzoz Cable Clips, 3 Pack Cord Organizer Charger Cable Management for Organizing Home Office Desk Phone Car Cable Wire, Self Adhesive Cord Holders (Gray)  ",4.5 out of 5 stars,"5,329  ",$9.99,http://amazon.com/Organizer-Charger-Management-Organizing-Adhesive/dp/B08R1BGJVJ/ref=sr_1_21?keywords=home+office&qid=1660426771&sr=8-21
Jerry & Maggie - Desktop Organizer Office Storage Rack Adjustable Wood Display Shelf | Birthday Gifts - Toy - Home Decor | - Free Style Rotation Display - True Natural Stand Shelf Black  ,4.3 out of 5 stars,"8,893  ",$24.99,http://amazon.com/Jerry-Maggie-Organizer-Adjustable-Birthday/dp/B077VXVDZB/ref=sr_1_23?keywords=home+office&qid=1660426771&sr=8-23
"bonsaii 40-Minute Office Paper Shredder, 14-Sheet Crosscut Shredder for Home Office Heavy Duty, Shreds CDs/Credit Card/Staple/Clip with 4 Casters (C169-B)  ",4.6 out of 5 stars,"6,452  ",$109.99,http://amazon.com/bonsaii-40-Minute-Shredder-14-Sheet-Casters/dp/B09NFHW3XX/ref=sr_1_24?keywords=home+office&qid=1660426771&sr=8-24
Office Chair Ergonomic Desk Chair Computer Chair PU Leather Home Office Chair with Lumbar Support Armrest Executive Rolling Swivel Adjustable Mid Back Double Seat Cushion Task Chair (Brown)  ,3.7 out of 5 stars,34  ,$129.99,http://amazon.com/Ergonomic-Computer-Leather-Executive-Adjustable/dp/B09NLHL9MN/ref=sr_1_25?keywords=home+office&qid=1660426771&sr=8-25
"Ergonomic Laptop Stand For Desk, Adjustable Height Up To 20"", Laptop Riser Computer Stand For Laptop, Portable Laptop Stands, Fits All MacBook, Laptops 10 15 17 Inches, Pulpit Laptop Holder Desk Stand  ",4.8 out of 5 stars,"4,479  ",$69.99,http://amazon.com/Ergonomic-Adjustable-computer-Portable-MacBook/dp/B08G3YGDJ1/ref=sr_1_26?keywords=home+office&qid=1660426771&sr=8-26
"SKYLEO LED Desk Lamp with Clamp and Round Base,Eye-Caring Desk Light with Swing Arm,Memory Function,3 Color Modes 10 Brightness Levels,Clamp Lamp with USB Cable,Desk Lamps for Home Office with Adapter  ",4.6 out of 5 stars,532  ,$34.99,http://amazon.com/gp/slredirect/picassoRedirect.html/ref=pa_sp_mtf_aps_sr_pg1_1?ie=UTF8&adId=A04605082AVSLPCNYEXHM&url=%2FSKYLEO-Eye-Caring-Function-Brightness-Adapter%2Fdp%2FB0921SD54J%2Fref%3Dsr_1_29_sspa%3Fkeywords%3Dhome%2Boffice%26qid%3D1660426771%26sr%3D8-29-spons%26psc%3D1&qualifier=1660426771&id=6640468077783220&widgetName=sp_mtf
"Desk Lamp, EASTAR LED Desk Lamp with Wireless Charger, USB Charging Port, Modern Eye-Caring Desk Lamps for Home Office, Table Lamp with 5 Lighting Modes, Bright Desk Light with Touch Control, Timer  ",4.5 out of 5 stars,"3,739  ",$28.95,http://amazon.com/Wireless-Charging-Eye-Caring-Lighting-Brightness/dp/B08G8F5NSG/ref=sr_1_31?keywords=home+office&qid=1660426771&sr=8-31
24W Desk Lamps for Home Office - Bright Tall Desk Lamp with Clamp 3 Color Dimmable Architect Desk Lamp Office Lights for Desk Monitor Studio Reading  ,4.8 out of 5 stars,11  ,$49.99,http://amazon.com/24W-Desk-Lamps-Home-Office/dp/B09VZ3V4JB/ref=sr_1_32?keywords=home+office&qid=1660426771&sr=8-32
"File Box with Lock - Fireproof File Organizer for Hanging Letter/Legal Folders, Collapsible Storage Box Filing Cabinet, Portable Fireproof Document Box with Handles, File Cabinet for Home Office  ",4.6 out of 5 stars,57  ,$45.99,http://amazon.com/File-Box-Lock-Fireproof-Collapsible/dp/B09N3RVB9W/ref=sr_1_33?keywords=home+office&qid=1660426771&sr=8-33
"Seat Cushion & Lumbar Support Pillow for Office Chair, Car, Wheelchair Memory Foam Desk Chair Cushion for Sciatica, Lower Back & Tailbone Pain Relief Desk Pad with Adjustable Strap 3D Washable Cover  ",4.3 out of 5 stars,"11,550  ",$41.99,http://amazon.com/Wheelchair-Cushions-Adjustable-Sciatica-Breathable/dp/B07ZB9VL5X/ref=sr_1_34?keywords=home+office&qid=1660426771&sr=8-34
"HoMedics Indoor 3-Tier Relaxation Tabletop Fountain, Automatic Pump with Power Switch, Extra Deep Basin with Natural River Rocks and Reflective Lighting Feature, EnviraScape Silver Springs  ",4.2 out of 5 stars,"33,627  ",$19.49,http://amazon.com/Relaxation-Illuminated-Waterfall-EnviraScape-HoMedics/dp/B000QTUJXS/ref=sr_1_35?keywords=home+office&qid=1660426771&sr=8-35
"Everlasting Comfort Seat Cushion and Lumbar Support Pillow Combo - Chair Pads Reduce Tailbone Pressure and Improve Back Comfort - Gel Infused Memory Foam Chair Cushions for Home, Car, Travel  ",4.3 out of 5 stars,"16,716  ",$64.95,http://amazon.com/Gel-Seat-Cushion-Back-Relief/dp/B07JQ2V33Q/ref=sr_1_36?keywords=home+office&qid=1660426771&sr=8-36
"Lamicall Cell Phone Stand, Desk Phone Holder Cradle, Compatible with Phone 12 Mini 11 Pro Xs Max XR X 8 7 6 Plus SE, All Smartphones Charging Dock, Office Desktop Accessories - Silver  ",4.7 out of 5 stars,"89,851  ",$10.99,http://amazon.com/Lamicall-Cell-Phone-Stand-Dock/dp/B014INJCT4/ref=sr_1_37?keywords=home+office&qid=1660426771&sr=8-37
"NETGEAR Wi-Fi Range Extender EX3700 - Coverage Up to 1000 Sq Ft and 15 Devices with AC750 Dual Band Wireless Signal Booster & Repeater (Up to 750Mbps Speed), and Compact Wall Plug Design  ",3.9 out of 5 stars,"176,010  ",$38.01,http://amazon.com/NETGEAR-Wi-Fi-Range-Extender-EX3700/dp/B00R92CL5E/ref=sr_1_38?keywords=home+office&qid=1660426771&sr=8-38
"Power Strip Surge Protector- 3 Side 12 Wide Outlets 4 USB Ports, 5Ft Extension Cord Flat Plug, Overload Surge Protection, Wall Mount, Desk Charging Station for Office Home Dorm Essentials ETL Listed  ",4.8 out of 5 stars,"1,882  ",$24.99,http://amazon.com/Protector-Extension-Overload-Protection-Charging/dp/B093KDDGMJ/ref=sr_1_40?keywords=home+office&qid=1660426771&sr=8-40
"Surge Protector Power Strip Tower with 18W Fast Charging Port, 10FT Extension Cord with 12 AC Outlets, and 5 USB Charging Ports(1 USB C), Power Strip Tower Overload Protection for Home Office DormRoom  ",5.0 out of 5 stars,29  ,$39.99,http://amazon.com/Protector-Charging-Extension-Overload-Protection/dp/B09ZHXFQNS/ref=sr_1_42?keywords=home+office&qid=1660426771&sr=8-42
"Poukaran Desk Lamp, LED Desk Lamp with Wireless Charger, USB Charging Port, Table Lamp with Clock, Alarm, Date, Temperature, Office Lamp, Desk Lamps for Home Office, White  ",4.5 out of 5 stars,"2,422  ",$35.99,http://amazon.com/Poukaran-Wireless-Charger-Charging-Temperature/dp/B08ZCVY9T7/ref=sr_1_43?keywords=home+office&qid=1660426771&sr=8-43
"Everlasting Comfort Seat Cushion Pillow for Office Chair - Sit Longer, Feel Better - Butt, Tailbone, Back, Coccyx, Sciatica Memory Foam Cushions - Computer Desk Pain Relief Pad  ",4.4 out of 5 stars,"96,259  ",$33.96,http://amazon.com/Seat-Cushion-Office-Chair-Desk/dp/B01EBDV9BU/ref=sr_1_44?keywords=home+office&qid=1660426771&smid=A1WFZRQPDGQ55T&sr=8-44
"LapGear Home Office Pro Lap Desk with Wrist Rest, Mouse Pad, and Phone Holder -White Marble - Fits Up to 15.6 Inch Laptops - Style No. 91591  ",4.7 out of 5 stars,735  ,$49.99,http://amazon.com/LapGear-Office-Holder-White-Marble/dp/B089NZMHKR/ref=sr_1_45?keywords=home+office&qid=1660426771&sr=8-45
"SimpleHouseware Mesh Desk Organizer with Sliding Drawer, Double Tray and 5 Upright Sections, Black  ",4.7 out of 5 stars,"30,716  ",$29.97,http://amazon.com/SimpleHouseware-Organizer-Sliding-Upright-Sections/dp/B01N9HQM9F/ref=sr_1_46?keywords=home+office&qid=1660426771&sr=8-46
"BONSEN 15-Sheet Heavy Duty Paper Shredder for Office, 30-Minute Running Time Cross-Cut Shredder with 5.3-Gallon Pull Out Basket, Anti-Jam & Quiet Shredder for Home Office (S3102)  ",4.5 out of 5 stars,604  ,$149.99,http://amazon.com/Shredder-15-Sheet-Cross-Cut-BONSEN-Wastebasket/dp/B08J2JZLZH/ref=sr_1_47?keywords=home+office&qid=1660426771&sr=8-47
"TORRAS Coolify Portable Air Conditioner Neck Fan, 360° Cooling Semiconductor Cooling Bladeless Fans 4000 mAh Rechargeable Portable Fan for Office/ Outdoor/ Home, 3 Speeds neck cooler, Pearl White  ",4.0 out of 5 stars,"2,548  ",$149.00,http://amazon.com/TORRAS-Conditioner-Semiconductor-Bladeless-Rechargeable/dp/B08X4X74GR/ref=sr_1_48?keywords=home+office&qid=1660426771&sr=8-48
"Rocketbook Fusion Smart Reusable Notebook - Calendar, To-Do Lists, and Note Template Pages with 1 Pilot Frixion Pen & 1 Microfiber Cloth Included - Neptune Teal Cover, Letter Size (8.5"" x 11"")  ",4.5 out of 5 stars,"45,048  ",$37.00,http://amazon.com/Rocketbook-Fusion-Smart-Reusable-Notebook/dp/B07ZHZ82DK/ref=sr_1_49?keywords=home+office&qid=1660426771&sr=8-49
"Amazon Basics Low-Back, Upholstered Mesh, Adjustable, Swivel Computer Office Desk Chair, Black  ",4.5 out of 5 stars,"18,476  ",$56.00,http://amazon.com/AmazonBasics-Low-Back-Computer-Chair-Black/dp/B01D7P5BFS/ref=sr_1_50?keywords=home+office&qid=1660426771&sr=8-50
"The Office Sign, Main Official Self Adhesive Sign for Door or Wall 9 X 3 Inch Quick and Easy Installation Premium Acrylic Design for Your Home Office / Business, White Big Letters on Black Plate  ",4.8 out of 5 stars,"2,177  ",$7.79,http://amazon.com/Official-Adhesive-Installation-Premium-Business/dp/B07LF36MGD/ref=sr_1_51?keywords=home+office&qid=1660426771&sr=8-51
"Elephance 59"" L Shaped Desk Corner Computer Desk Gaming Table Workstation for Home Office (Large, White+ Gold Frame)  ",4.6 out of 5 stars,"1,593  ",$137.99,http://amazon.com/Elephance-Shaped-Corner-Computer-Workstation/dp/B088GXM5LK/ref=sr_1_52?keywords=home+office&qid=1660426771&sr=8-52
"Mail Organizer for Wall - Heavy-Duty Mesh Hanging File Organizer. Wall Organizer For Papers, Folders, Files Clipboard & Magazine Organization. Great For Home, Office Classroom Or Doctor. (White)  ",4.7 out of 5 stars,947  ,$26.96,http://amazon.com/NEATERIZE-Mail-Organizer-Wall-Magazine/dp/B08VV1TKVP/ref=sr_1_53?keywords=home+office&qid=1660426771&sr=8-53
"SUPERJARE Dual Monitor Stand Riser, Adjustable Length and Angle Screen Stand, Desktop Stand Storage Organizer for Laptop Computer/TV/PC/Printer- Black  ",4.7 out of 5 stars,"11,496  ",$29.99,http://amazon.com/Superjare-Adjustable-Computer-Multifunctional-Organizer/dp/B07R9ZJ2ZQ/ref=sr_1_54?keywords=home+office&qid=1660426771&sr=8-54
"Amazon Basics Plastic Desk Organizer - Accessory Tray, Black  ",4.6 out of 5 stars,"9,720  ",$8.10,http://amazon.com/gp/slredirect/picassoRedirect.html/ref=pa_sp_btf_aps_sr_pg1_1?ie=UTF8&adId=A03099692URZOQBSH3FEN&url=%2FAmazonBasics-Plastic-Organizer-Accessory-Black%2Fdp%2FB07RZ1GWC3%2Fref%3Dsr_1_55_sspa%3Fkeywords%3Dhome%2Boffice%26qid%3D1660426771%26sr%3D8-55-spons%26psc%3D1&qualifier=1660426771&id=6640468077783220&widgetName=sp_btf
"Mesh Office Chair - Mid Back Task Home Office Desk Chair Ergonomic Computer Chair with Flip-up Arms and Adjustable Lumbar Support, Tilt Tension Adjustable Height Breathable Rocking Swivel Chair  ",5.0 out of 5 stars,2  ,$112.99,http://amazon.com/gp/slredirect/picassoRedirect.html/ref=pa_sp_btf_aps_sr_pg1_1?ie=UTF8&adId=A06063971DRF2ZYFV7ZXW&url=%2FMesh-Office-Chair-Adjustable-Breathable%2Fdp%2FB09ZNNNGT2%2Fref%3Dsr_1_56_sspa%3Fkeywords%3Dhome%2Boffice%26qid%3D1660426771%26sr%3D8-56-spons%26psc%3D1&qualifier=1660426771&id=6640468077783220&widgetName=sp_btf
"Vivora Luno Exercise Ball Chair, Canvas & Felt for Home Offices, Balance Training, Yoga Ball  ",4.4 out of 5 stars,"1,946  ",$49.99,http://amazon.com/gp/slredirect/picassoRedirect.html/ref=pa_sp_btf_aps_sr_pg1_1?ie=UTF8&adId=A072970379S3ND5NTTO1&url=%2FVivora-Exercise-Anthracite-Standard-Training%2Fdp%2FB01NBYHCZY%2Fref%3Dsr_1_57_sspa%3Fkeywords%3Dhome%2Boffice%26qid%3D1660426771%26sr%3D8-57-spons%26psc%3D1&qualifier=1660426771&id=6640468077783220&widgetName=sp_btf
"LED Desk Lamp with Clamp, LIBORA Dimmable Clip Light for Home Office, 3 Modes 10 Brightness, Long Flexible Gooseneck, Eye-Caring, Architect Table Task Lamps with USB Adapter, Black  ",4.6 out of 5 stars,38  ,$21.60,http://amazon.com/gp/slredirect/picassoRedirect.html/ref=pa_sp_btf_aps_sr_pg1_1?ie=UTF8&adId=A05449669T6IXAHL348S&url=%2FLIBORA-Brightness-Gooseneck-Eye-Caring-Architect%2Fdp%2FB0B35NH8W8%2Fref%3Dsr_1_58_sspa%3Fkeywords%3Dhome%2Boffice%26qid%3D1660426771%26sr%3D8-58-spons%26psc%3D1&qualifier=1660426771&id=6640468077783220&widgetName=sp_btf
"FULL HOUSE Canvas Wall Art 4 Seasons Colorful Trees Framed Canvas Prints Aesthetic Wall Paintings for Living Room Bedroom Office Home Decor, 4 Panels  ",4.6 out of 5 stars,110  ,$36.99,http://amazon.com/gp/slredirect/picassoRedirect.html/ref=pa_sp_btf_aps_sr_pg1_1?ie=UTF8&adId=A0617046VZ032HPHVGA&url=%2FFULL-HOUSE-Colorful-Aesthetic-Paintings%2Fdp%2FB09929H5F5%2Fref%3Dsr_1_59_sspa%3Fkeywords%3Dhome%2Boffice%26qid%3D1660426771%26sr%3D8-59-spons%26psc%3D1&qualifier=1660426771&id=6640468077783220&widgetName=sp_btf
"YOKEKON Humidifiers for Large Room Home, Warm and Cool Mist Humidifiers, 6L Room Humidifiers Covering 753 ft², Perfect Large Humidifiers for Plants Office, Remote, Quiet, Aroma Box, Transparent Tank  ",4.5 out of 5 stars,60  ,$44.99,http://amazon.com/gp/slredirect/picassoRedirect.html/ref=pa_sp_btf_aps_sr_pg1_1?ie=UTF8&adId=A04084131GD526UM6QUNW&url=%2FYOKEKON-Humidifiers-Covering-Perfect-Transparent%2Fdp%2FB09SZ28RHN%2Fref%3Dsr_1_60_sspa%3Fkeywords%3Dhome%2Boffice%26qid%3D1660426771%26sr%3D8-60-spons%26psc%3D1&qualifier=1660426771&id=6640468077783220&widgetName=sp_btf
